ref_first_variant	#AlleleID	Type	Name	GeneID	GeneSymbol	HGNC_ID	ClinicalSignificance	ClinSigSimple	LastEvaluated	RS# (dbSNP)	nsv/esv (dbVar)	RCVaccession	PhenotypeIDS	PhenotypeList	Origin	OriginSimple	Assembly	ChromosomeAccession	Chromosome	Start	Stop	ReferenceAllele	AlternateAllele	Cytogenetic	ReviewStatus	NumberSubmitters	Guidelines	TestedInGTR	OtherIDs	SubmitterCategories	VariationID	PositionVCF	ReferenceAlleleVCF	AlternateAlleleVCF
chr21:5030578:C:T	15156	single nucleotide variant	NM_000071.3(CBS):c.919G>A (p.Gly307Ser)	875	CBS	HGNC:1550	Pathogenic	1	Nov 02, 2022	121964962	-	RCV000000137|RCV000000138|RCV000078112|RCV000173641|RCV000366433|RCV002313701	MedGen:C4017308|MedGen:C3150344|MedGen:CN517202|MONDO:MONDO:0009352,MedGen:C0751202,OMIM:236200,Orphanet:394|Human Phenotype Ontology:HP:0002156,MONDO:MONDO:0004737,MedGen:C0019880|MONDO:MONDO:0019625,MedGen:C4707243,OMIM:PS607086,Orphanet:91387	Familial thoracic aortic aneurysm and aortic dissection	germline;unknown	germline	GRCh38	NC_000021.9	21	43062988	43062988	na	na	21q22.3	criteria provided, multiple submitters, no conflicts	15	-	N	ClinGen:CA113874,UniProtKB:P35520#VAR_002186,OMIM:613381.0001	3	117	5030578	C	T
chr21:5030588:T:C	15159	single nucleotide variant	NM_000071.3(CBS):c.833T>C (p.Ile278Thr)	875	CBS	HGNC:1550	Pathogenic	1	Aug 01, 2023	5742905	-	RCV000000141|RCV000000142|RCV000078111|RCV000173640|RCV000781197|RCV001252178|RCV002310621|RCV002276525|RCV003128384	MedGen:C3502110|MedGen:C3150344|MedGen:CN517202|MONDO:MONDO:0009352,MedGen:C0751202,OMIM:236200,Orphanet:394|Human Phenotype Ontology:HP:0002156,MONDO:MONDO:0004737,MedGen:C0019880|Human Phenotype Ontology:HP:0000730,Human Phenotype Ontology:HP:0001249,Human Phenotype Ontology:HP:0001267,Human Phenotype Ontology:HP:0001286,Human Phenotype Ontology:HP:0002122,Human Phenotype Ontology:HP:0002192,Human Phenotype Ontology:HP:0002316,Human Phenotype Ontology:HP:0002382,Human Phenotype Ontology:HP:0002386,Human Phenotype Ontology:HP:0002402,Human Phenotype Ontology:HP:0002458,Human Phenotype Ontology:HP:0002482,Human Phenotype Ontology:HP:0002499,Human Phenotype Ontology:HP:0002543,Human Phenotype Ontology:HP:0003767,Human Phenotype Ontology:HP:0006833,Human Phenotype Ontology:HP:0007154,Human Phenotype Ontology:HP:0007176,Human Phenotype Ontology:HP:0007180,MONDO:MONDO:0001071,MeSH:D008607,MedGen:C3714756|MONDO:MONDO:0019625,MedGen:C4707243,OMIM:PS607086,Orphanet:91387|MONDO:MONDO:0003900,MedGen:C0009782|	Homocystinuria	germline;unknown	germline	GRCh38	NC_000021.9	21	43063074	43063074	na	na	21q22.3	criteria provided, multiple submitters, no conflicts	32	-	N	ClinGen:CA113880,UniProtKB:P35520#VAR_002184,OMIM:613381.0004	3	120	5030588	T	C
chr21:5030596:A:G	15159	single nucleotide variant	NM_000071.3(CBS):c.833T>C (p.Ile278Thr)	875	CBS	HGNC:1550	Pathogenic	1	Aug 01, 2023	5742905	-	RCV000000141|RCV000000142|RCV000078111|RCV000173640|RCV000781197|RCV001252178|RCV002310621|RCV002276525|RCV003128384	MedGen:C3502110|MedGen:C3150344|MedGen:CN517202|MONDO:MONDO:0009352,MedGen:C0751202,OMIM:236200,Orphanet:394|Human Phenotype Ontology:HP:0002156,MONDO:MONDO:0004737,MedGen:C0019880|Human Phenotype Ontology:HP:0000730,Human Phenotype Ontology:HP:0001249,Human Phenotype Ontology:HP:0001267,Human Phenotype Ontology:HP:0001286,Human Phenotype Ontology:HP:0002122,Human Phenotype Ontology:HP:0002192,Human Phenotype Ontology:HP:0002316,Human Phenotype Ontology:HP:0002382,Human Phenotype Ontology:HP:0002386,Human Phenotype Ontology:HP:0002402,Human Phenotype Ontology:HP:0002458,Human Phenotype Ontology:HP:0002482,Human Phenotype Ontology:HP:0002499,Human Phenotype Ontology:HP:0002543,Human Phenotype Ontology:HP:0003767,Human Phenotype Ontology:HP:0006833,Human Phenotype Ontology:HP:0007154,Human Phenotype Ontology:HP:0007176,Human Phenotype Ontology:HP:0007180,MONDO:MONDO:0001071,MeSH:D008607,MedGen:C3714756|MONDO:MONDO:0019625,MedGen:C4707243,OMIM:PS607086,Orphanet:91387|MONDO:MONDO:0003900,MedGen:C0009782|	Intellectual disability	germline;unknown	germline	GRCh38	NC_000021.9	21	43063074	43063074	na	na	21q22.3	criteria provided, multiple submitters, no conflicts	32	-	N	ClinGen:CA113880,UniProtKB:P35520#VAR_002184,OMIM:613381.0004	3	120	5030596	A	G
chr21:5030673:G:A	15159	single nucleotide variant	NM_000071.3(CBS):c.833T>C (p.Ile278Thr)	875	CBS	HGNC:1550	Pathogenic	1	Aug 01, 2023	5742905	-	RCV000000141|RCV000000142|RCV000078111|RCV000173640|RCV000781197|RCV001252178|RCV002310621|RCV002276525|RCV003128384	MedGen:C3502110|MedGen:C3150344|MedGen:CN517202|MONDO:MONDO:0009352,MedGen:C0751202,OMIM:236200,Orphanet:394|Human Phenotype Ontology:HP:0002156,MONDO:MONDO:0004737,MedGen:C0019880|Human Phenotype Ontology:HP:0000730,Human Phenotype Ontology:HP:0001249,Human Phenotype Ontology:HP:0001267,Human Phenotype Ontology:HP:0001286,Human Phenotype Ontology:HP:0002122,Human Phenotype Ontology:HP:0002192,Human Phenotype Ontology:HP:0002316,Human Phenotype Ontology:HP:0002382,Human Phenotype Ontology:HP:0002386,Human Phenotype Ontology:HP:0002402,Human Phenotype Ontology:HP:0002458,Human Phenotype Ontology:HP:0002482,Human Phenotype Ontology:HP:0002499,Human Phenotype Ontology:HP:0002543,Human Phenotype Ontology:HP:0003767,Human Phenotype Ontology:HP:0006833,Human Phenotype Ontology:HP:0007154,Human Phenotype Ontology:HP:0007176,Human Phenotype Ontology:HP:0007180,MONDO:MONDO:0001071,MeSH:D008607,MedGen:C3714756|MONDO:MONDO:0019625,MedGen:C4707243,OMIM:PS607086,Orphanet:91387|MONDO:MONDO:0003900,MedGen:C0009782|	Familial thoracic aortic aneurysm and aortic dissection	germline;unknown	germline	GRCh38	NC_000021.9	21	43063074	43063074	na	na	21q22.3	criteria provided, multiple submitters, no conflicts	32	-	N	ClinGen:CA113880,UniProtKB:P35520#VAR_002184,OMIM:613381.0004	3	120	5030673	G	A
chr21:5030912:CA:C	15167	single nucleotide variant	NM_000071.3(CBS):c.1224-2A>C	875	CBS	HGNC:1550	Pathogenic	1	Jul 07, 2023	375846341	-	RCV000000151|RCV000174658|RCV000198380|RCV000590542|RCV002227960|RCV002354142	MedGen:C3502110|MONDO:MONDO:0009352,MedGen:C0751202,OMIM:236200,Orphanet:394|MedGen:CN517202|Human Phenotype Ontology:HP:0002156,MONDO:MONDO:0004737,MedGen:C0019880|MedGen:C3150344|MONDO:MONDO:0019625,MedGen:C4707243,OMIM:PS607086,Orphanet:91387	Homocystinuria	germline;unknown	germline	GRCh38	NC_000021.9	21	43058970	43058970	na	na	21q22.3	criteria provided, multiple submitters, no conflicts	14	-	N	ClinGen:CA113897,OMIM:613381.0012	3	128	5030912	CA	C
chr21:5030957:G:A	15167	single nucleotide variant	NM_000071.3(CBS):c.1224-2A>C	875	CBS	HGNC:1550	Pathogenic	1	Jul 07, 2023	375846341	-	RCV000000151|RCV000174658|RCV000198380|RCV000590542|RCV002227960|RCV002354142	MedGen:C3502110|MONDO:MONDO:0009352,MedGen:C0751202,OMIM:236200,Orphanet:394|MedGen:CN517202|Human Phenotype Ontology:HP:0002156,MONDO:MONDO:0004737,MedGen:C0019880|MedGen:C3150344|MONDO:MONDO:0019625,MedGen:C4707243,OMIM:PS607086,Orphanet:91387	Familial thoracic aortic aneurysm and aortic dissection	germline;unknown	germline	GRCh38	NC_000021.9	21	43058970	43058970	na	na	21q22.3	criteria provided, multiple submitters, no conflicts	14	-	N	ClinGen:CA113897,OMIM:613381.0012	3	128	5030957	G	A
chr21:5030960:T:C	16880	single nucleotide variant	NM_001379228.1(MRAP):c.3G>A (p.Met1Ile)	56246	MRAP	HGNC:1304	Pathogenic	1	Sep 30, 2017	80358231	-	RCV000001915|RCV000513053	MONDO:MONDO:0011826,MedGen:C4049714,OMIM:607398,Orphanet:361|MONDO:MONDO:0024536,MedGen:C4049650,OMIM:202200,Orphanet:361	Glucocorticoid deficiency 1	germline	germline	GRCh38	NC_000021.9	21	32298974	32298974	na	na	21q22.11	criteria provided, multiple submitters, no conflicts	3	-	N	ClinGen:CA021246,OMIM:609196.0006	3	1841	5030960	T	C
chr21:5031004:C:G	18346	single nucleotide variant	NM_000383.4(AIRE):c.769C>T (p.Arg257Ter)	326	AIRE	HGNC:360	Pathogenic	1	Oct 28, 2022	121434254	-	RCV000179294|RCV000378770	MONDO:MONDO:0009411,MedGen:C0085859,OMIM:240300,Orphanet:3453|MedGen:CN517202	Polyglandular autoimmune syndrome, type 1	germline;maternal;unknown	germline	GRCh38	NC_000021.9	21	44289773	44289773	na	na	21q22.3	criteria provided, multiple submitters, no conflicts	18	-	N	ClinGen:CA116134,OMIM:607358.0001	3	3307	5031004	C	G
chr21:5031018:C:CCTATGATCACACCGT	18347	single nucleotide variant	NM_000383.4(AIRE):c.247A>G (p.Lys83Glu)	326	AIRE	HGNC:360	Likely pathogenic	1	Jun 23, 2022	121434255	-	RCV000003471	MONDO:MONDO:0009411,MedGen:C0085859,OMIM:240300,Orphanet:3453	Polyglandular autoimmune syndrome, type 1	germline	germline	GRCh38	NC_000021.9	21	44286671	44286671	na	na	21q22.3	criteria provided, single submitter	2	-	N	ClinGen:CA116137,UniProtKB:O43918#VAR_005005,OMIM:607358.0002	3	3308	5031018	C	CCTATGATCACACCGT
chr21:5031031:C:T	18349	single nucleotide variant	NM_000383.4(AIRE):c.415C>T (p.Arg139Ter)	326	AIRE	HGNC:360	Pathogenic	1	Sep 18, 2022	121434256	-	RCV000169129|RCV000412909	MONDO:MONDO:0009411,MedGen:C0085859,OMIM:240300,Orphanet:3453|MedGen:CN517202	Polyglandular autoimmune syndrome, type 1	germline;unknown	germline	GRCh38	NC_000021.9	21	44287085	44287085	na	na	21q22.3	criteria provided, multiple submitters, no conflicts	8	-	N	ClinGen:CA116140,OMIM:607358.0004	3	3310	5031031	C	T
chr21:5031125:C:CT	18350	Duplication	NM_000383.4(AIRE):c.1103dup (p.Leu370fs)	326	AIRE	HGNC:360	Pathogenic	1	Aug 13, 2021	387906293	-	RCV000003475	MONDO:MONDO:0009411,MedGen:C0085859,OMIM:240300,Orphanet:3453	Polyglandular autoimmune syndrome, type 1	germline	germline	GRCh38	NC_000021.9	21	44292994	44292995	na	na	21q22.3	criteria provided, single submitter	2	-	N	OMIM:607358.0005,ClinGen:CA116143	3	3311	5031125	C	CT
chr21:5031194:G:A	18351	Deletion	NM_000383.4(AIRE):c.1513del (p.Ala505fs)	326	AIRE	HGNC:360	Pathogenic	1	Aug 01, 2000	387906294	-	RCV000003476	MONDO:MONDO:0009411,MedGen:C0085859,OMIM:240300,Orphanet:3453	Polyglandular autoimmune syndrome, type 1	germline	germline	GRCh38	NC_000021.9	21	44296392	44296392	na	na	21q22.3	no assertion criteria provided	1	-	N	ClinGen:CA116144,OMIM:607358.0006	1	3312	5031194	G	A
chr21:5031224:G:A	18353	single nucleotide variant	NM_000383.4(AIRE):c.1A>T (p.Met1Leu)	326	AIRE	HGNC:360	Pathogenic	1	Apr 14, 2022	121434258	-	RCV000003478|RCV001091469	MONDO:MONDO:0009411,MedGen:C0085859,OMIM:240300,Orphanet:3453|MedGen:CN517202	Polyglandular autoimmune syndrome, type 1	germline;unknown	germline	GRCh38	NC_000021.9	21	44286007	44286007	na	na	21q22.3	criteria provided, multiple submitters, no conflicts	5	-	N	ClinGen:CA116147,OMIM:607358.0008	3	3314	5031224	G	A
chr21:5031252:C:A	18354	Deletion	NM_000383.4(AIRE):c.789del (p.Ala264fs)	326	AIRE	HGNC:360	Pathogenic	1	Jun 01, 2022	387906295	-	RCV000003479|RCV001047339	MedGen:C2749602|MONDO:MONDO:0009411,MedGen:C0085859,OMIM:240300,Orphanet:3453	Polyglandular autoimmune syndrome, type 1	germline	germline	GRCh38	NC_000021.9	21	44289793	44289793	na	na	21q22.3	criteria provided, single submitter	2	-	N	ClinGen:CA116150,OMIM:607358.0009	3	3315	5031252	C	A
chr21:5031285:A:G	18356	single nucleotide variant	NM_000383.4(AIRE):c.239T>G (p.Val80Gly)	326	AIRE	HGNC:360	Pathogenic	1	Nov 01, 2009	267606642	-	RCV000003481	MONDO:MONDO:0009411,MedGen:C0085859,OMIM:240300,Orphanet:3453	Polyglandular autoimmune syndrome, type 1	germline	germline	GRCh38	NC_000021.9	21	44286663	44286663	na	na	21q22.3	no assertion criteria provided	1	-	N	OMIM:607358.0011,ClinGen:CA116151	1	3317	5031285	A	G
chr21:5031417:G:A	19057	single nucleotide variant	NM_206965.2(FTCD):c.896G>C (p.Arg299Pro)	10841	FTCD	HGNC:3974	Pathogenic	1	Jul 01, 2003	119469015	-	RCV000004233	MONDO:MONDO:0009240,MedGen:C0268609,OMIM:229100,Orphanet:51208	Glutamate formiminotransferase deficiency	germline	germline	GRCh38	NC_000021.9	21	46150129	46150129	na	na	21q22.3	no assertion criteria provided	1	-	N	ClinGen:CA116585,UniProtKB:O95954#VAR_015888,OMIM:606806.0002	1	4018	5031417	G	A
chr21:5031465:G:A	19743	Deletion	NM_006031.6(PCNT):c.1887del (p.Ala630fs)	5116	PCNT	HGNC:16068	Pathogenic	1	Feb 01, 2008	397509366	-	RCV000004969	MONDO:MONDO:0008872,MedGen:C0432246,OMIM:210720,Orphanet:2637	Microcephalic osteodysplastic primordial dwarfism type II	germline	germline	GRCh38	NC_000021.9	21	46355577	46355577	na	na	21q22.3	no assertion criteria provided	1	-	N	OMIM:605925.0002,ClinGen:CA250508	1	4704	5031465	G	A
chr21:5031581:A:T	19744	Duplication	NM_006031.6(PCNT):c.3568dup (p.Cys1190fs)	5116	PCNT	HGNC:16068	Pathogenic	1	Feb 01, 2008	397514033	-	RCV000004970	MONDO:MONDO:0008872,MedGen:C0432246,OMIM:210720,Orphanet:2637	Microcephalic osteodysplastic primordial dwarfism type II	germline	germline	GRCh38	NC_000021.9	21	46388844	46388845	na	na	21q22.3	no assertion criteria provided	1	-	N	ClinGen:CA250509,OMIM:605925.0003	1	4705	5031581	A	T
chr21:5031584:A:G	19746	Duplication	NM_006031.6(PCNT):c.844dup (p.Glu282fs)	5116	PCNT	HGNC:16068	Pathogenic	1	Feb 08, 2008	1601795448	-	RCV000004972	MONDO:MONDO:0008872,MedGen:C0432246,OMIM:210720,Orphanet:2637	Microcephalic osteodysplastic primordial dwarfism type II	germline	germline	GRCh38	NC_000021.9	21	46346863	46346864	na	na	21q22.3	no assertion criteria provided	1	-	N	OMIM:605925.0005	1	4707	5031584	A	G
chr21:5031594:T:C	19747	single nucleotide variant	NM_006031.6(PCNT):c.3109G>T (p.Glu1037Ter)	5116	PCNT	HGNC:16068	Pathogenic	1	Mar 09, 2016	119479063	-	RCV000004973|RCV000351291	MONDO:MONDO:0008872,MedGen:C0432246,OMIM:210720,Orphanet:2637|MedGen:CN517202	Microcephalic osteodysplastic primordial dwarfism type II	germline	germline	GRCh38	NC_000021.9	21	46367083	46367083	na	na	21q22.3	criteria provided, single submitter	2	-	N	ClinGen:CA250512,OMIM:605925.0006	3	4708	5031594	T	C
chr21:5031595:A:G	19749	single nucleotide variant	NM_006031.6(PCNT):c.8752C>T (p.Arg2918Ter)	5116	PCNT	HGNC:16068	Pathogenic	1	Feb 08, 2008	119479064	-	RCV000004975	MONDO:MONDO:0008872,MedGen:C0432246,OMIM:210720,Orphanet:2637	Microcephalic osteodysplastic primordial dwarfism type II	germline	germline	GRCh38	NC_000021.9	21	46435904	46435904	na	na	21q22.3	no assertion criteria provided	1	-	N	ClinGen:CA250514,OMIM:605925.0008	1	4710	5031595	A	G
chr21:5031637:C:A	19890	single nucleotide variant	NM_001146079.2(CLDN14):c.254T>A (p.Val85Asp)	23562	CLDN14	HGNC:2035	Pathogenic	1	May 22, 2022	74315437	-	RCV000005124|RCV000417186|RCV001291511	MONDO:MONDO:0013537,MedGen:C3279660,OMIM:614035,Orphanet:90636|Human Phenotype Ontology:HP:0000365,Human Phenotype Ontology:HP:0000404,Human Phenotype Ontology:HP:0001728,Human Phenotype Ontology:HP:0001729,Human Phenotype Ontology:HP:0001754,Human Phenotype Ontology:HP:0008560,Human Phenotype Ontology:HP:0008563,MONDO:MONDO:0005365,MedGen:C1384666|MONDO:MONDO:0019588,MedGen:C1846647,OMIM:607197,OMIM:PS220290,Orphanet:90635,Orphanet:90636	Hearing impairment	germline;inherited	germline	GRCh38	NC_000021.9	21	36461442	36461442	na	na	21q22.13	criteria provided, single submitter	4	-	N	ClinGen:CA117103,UniProtKB:O95500#VAR_010738,OMIM:605608.0002,ClinVar:375673	3	4851	5031637	C	A
chr21:5031747:G:GA	19890	single nucleotide variant	NM_001146079.2(CLDN14):c.254T>A (p.Val85Asp)	23562	CLDN14	HGNC:2035	Pathogenic	1	May 22, 2022	74315437	-	RCV000005124|RCV000417186|RCV001291511	MONDO:MONDO:0013537,MedGen:C3279660,OMIM:614035,Orphanet:90636|Human Phenotype Ontology:HP:0000365,Human Phenotype Ontology:HP:0000404,Human Phenotype Ontology:HP:0001728,Human Phenotype Ontology:HP:0001729,Human Phenotype Ontology:HP:0001754,Human Phenotype Ontology:HP:0008560,Human Phenotype Ontology:HP:0008563,MONDO:MONDO:0005365,MedGen:C1384666|MONDO:MONDO:0019588,MedGen:C1846647,OMIM:607197,OMIM:PS220290,Orphanet:90635,Orphanet:90636	Hearing loss, autosomal recessive	germline;inherited	germline	GRCh38	NC_000021.9	21	36461442	36461442	na	na	21q22.13	criteria provided, single submitter	4	-	N	ClinGen:CA117103,UniProtKB:O95500#VAR_010738,OMIM:605608.0002,ClinVar:375673	3	4851	5031747	G	GA
chr21:5031747:GA:G	19983	single nucleotide variant	NM_001256317.3(TMPRSS3):c.753G>C (p.Trp251Cys)	64699	TMPRSS3	HGNC:11877	Pathogenic	1	Apr 12, 2021	137852999	-	RCV000005231|RCV001090983|RCV001375182	MONDO:MONDO:0010987,MedGen:C1832827,OMIM:601072,Orphanet:90636|MedGen:CN517202|Human Phenotype Ontology:HP:0000365,Human Phenotype Ontology:HP:0000404,Human Phenotype Ontology:HP:0001728,Human Phenotype Ontology:HP:0001729,Human Phenotype Ontology:HP:0001754,Human Phenotype Ontology:HP:0008560,Human Phenotype Ontology:HP:0008563,MONDO:MONDO:0005365,MedGen:C1384666	Hearing impairment	germline	germline	GRCh38	NC_000021.9	21	42383062	42383062	na	na	21q22.3	criteria provided, multiple submitters, no conflicts	3	-	N	ClinGen:CA253351,UniProtKB:P57727#VAR_011678,OMIM:605511.0003	3	4944	5031747	GA	G
chr21:5031756:A:C	19984	single nucleotide variant	NM_001256317.3(TMPRSS3):c.1208C>T (p.Pro403Leu)	64699	TMPRSS3	HGNC:11877	Likely pathogenic	1	Jul 10, 2021	28939084	-	RCV000005233|RCV001813955	MONDO:MONDO:0010987,MedGen:C1832827,OMIM:601072,Orphanet:90636|Human Phenotype Ontology:HP:0000598,MONDO:MONDO:0007500,MedGen:C0266589,OMIM:128600	Abnormality of the ear	germline	germline	GRCh38	NC_000021.9	21	42375852	42375852	na	na	21q22.3	criteria provided, single submitter	2	-	N	ClinGen:CA253353,UniProtKB:P57727#VAR_011679,OMIM:605511.0004	3	4945	5031756	A	C
chr21:5031792:C:T	21095	single nucleotide variant	NM_172201.2(KCNE2):c.178T>C (p.Phe60Leu)	9992	KCNE2	HGNC:6242	Pathogenic	1	Sep 01, 2006	16991654	-	RCV000006428|RCV000058363	MedGen:C3276241|MONDO:MONDO:0019171,MedGen:C1141890,OMIM:PS192500,Orphanet:101016,Orphanet:768	Congenital long QT syndrome	germline	germline	GRCh38	NC_000021.9	21	34370656	34370656	na	na	21q22.11	no assertion criteria provided	2	-	N	ClinGen:CA117926,UniProtKB:Q9Y6J6#VAR_029334,OMIM:603796.0005	3	6056	5031792	C	T
chr21:5031917:T:C	23435	single nucleotide variant	NM_000100.4(CSTB):c.202C>T (p.Arg68Ter)	1476	CSTB	HGNC:2482	Pathogenic	1	Jun 17, 2022	74315442	-	RCV000008904|RCV000626611|RCV000656065|RCV001387303|RCV002472925	MONDO:MONDO:0009698,MedGen:C0751785,OMIM:254800,Orphanet:308|8 conditions|MONDO:MONDO:0007295,MedGen:C0376532,Orphanet:1945|MONDO:MONDO:0020074,MedGen:C0751778,OMIM:PS254800,Orphanet:308,Orphanet:98261|MedGen:CN517202	8 conditions	germline;unknown	germline	GRCh38	NC_000021.9	21	43774297	43774297	na	na	21q22.3	criteria provided, multiple submitters, no conflicts	7	-	N	ClinGen:CA314304,OMIM:601145.0002	3	8396	5031917	T	C
chr21:5031919:TAAAA:T	23435	single nucleotide variant	NM_000100.4(CSTB):c.202C>T (p.Arg68Ter)	1476	CSTB	HGNC:2482	Pathogenic	1	Jun 17, 2022	74315442	-	RCV000008904|RCV000626611|RCV000656065|RCV001387303|RCV002472925	MONDO:MONDO:0009698,MedGen:C0751785,OMIM:254800,Orphanet:308|8 conditions|MONDO:MONDO:0007295,MedGen:C0376532,Orphanet:1945|MONDO:MONDO:0020074,MedGen:C0751778,OMIM:PS254800,Orphanet:308,Orphanet:98261|MedGen:CN517202	Progressive myoclonic epilepsy	germline;unknown	germline	GRCh38	NC_000021.9	21	43774297	43774297	na	na	21q22.3	criteria provided, multiple submitters, no conflicts	7	-	N	ClinGen:CA314304,OMIM:601145.0002	3	8396	5031919	TAAAA	T
chr21:5031924:C:T	28514	Indel	NM_000219.6(KCNE1):c.172_177delinsCCCCCT (p.Thr58_Leu59delinsProPro)	3753	KCNE1	HGNC:6240	Likely pathogenic	1	Feb 23, 2022	281865421	-	RCV000014417|RCV001244610|RCV001588813|RCV002476967	MONDO:MONDO:0012871,MedGen:C2676723,OMIM:612347,Orphanet:768,Orphanet:90647|MONDO:MONDO:0002442,MeSH:D008133,MedGen:C0023976|MedGen:CN517202|MONDO:MONDO:0013372,MedGen:C1867904,OMIM:613695,Orphanet:101016,Orphanet:768;MONDO:MONDO:0012871,MedGen:C2676723,OMIM:612347,Orphanet:768,Orphanet:90647	Long QT syndrome	germline;unknown	germline	GRCh38	NC_000021.9	21	34449458	34449463	na	na	21q22.12	criteria provided, multiple submitters, no conflicts	4	-	N	ClinGen:CA085426,OMIM:176261.0001	3	13475	5031924	C	T
chr21:5031942:G:A	28515	single nucleotide variant	NM_000219.6(KCNE1):c.20C>T (p.Thr7Ile)	3753	KCNE1	HGNC:6240	Pathogenic	1	Nov 01, 1997	28933384	-	RCV000014418|RCV000119076	MONDO:MONDO:0012871,MedGen:C2676723,OMIM:612347,Orphanet:768,Orphanet:90647|MONDO:MONDO:0019171,MedGen:C1141890,OMIM:PS192500,Orphanet:101016,Orphanet:768	Congenital long QT syndrome	germline	germline	GRCh38	NC_000021.9	21	34449615	34449615	na	na	21q22.12	no assertion criteria provided	2	-	N	ClinGen:CA256863,UniProtKB:P15382#VAR_008897,OMIM:176261.0002	3	13476	5031942	G	A
chr21:5031984:CA:C	32154	single nucleotide variant	NM_001379500.1(COL18A1):c.12-2A>T	80781	COL18A1	HGNC:2195	Pathogenic	1	Jul 14, 2022	-1	-	RCV000018652|RCV001851919	MONDO:MONDO:0800166,MedGen:C1849409,OMIM:PS267750,Orphanet:1571|MedGen:CN517202	Knobloch syndrome	germline	germline	GRCh38	NC_000021.9	21	45405377	45405377	na	na	21q22.3	criteria provided, multiple submitters, no conflicts	3	-	N	OMIM:120328.0001	3	17115	5031984	CA	C
chr21:5031991:G:GA	32156	Duplication	NM_001379500.1(COL18A1):c.2823dup (p.Gly942fs)	80781	COL18A1	HGNC:2195	Pathogenic	1	Jun 14, 2019	769882681	-	RCV000018654|RCV001588817	MONDO:MONDO:0800166,MedGen:C1849409,OMIM:PS267750,Orphanet:1571|MedGen:CN517202	Knobloch syndrome	germline	germline	GRCh38	NC_000021.9	21	45504504	45504505	na	na	21q22.3	criteria provided, single submitter	2	-	N	ClinGen:CA10575533,OMIM:120328.0003	3	17117	5031991	G	GA
chr21:5031991:GA:G	32158	single nucleotide variant	NM_001379500.1(COL18A1):c.3013+3A>C	80781	COL18A1	HGNC:2195	Pathogenic	1	Jul 01, 2007	-1	-	RCV000018656	MONDO:MONDO:0800166,MedGen:C1849409,OMIM:PS267750,Orphanet:1571	Knobloch syndrome	germline	germline	GRCh38	NC_000021.9	21	45505281	45505281	na	na	21q22.3	no assertion criteria provided	1	-	N	OMIM:120328.0005	1	17119	5031991	GA	G
chr21:5032028:C:T	32194	single nucleotide variant	NM_001849.4(COL6A2):c.811G>A (p.Gly271Ser)	1292	COL6A2	HGNC:2212	Pathogenic	1	Feb 28, 2022	121912940	-	RCV000018695|RCV001781280	MONDO:MONDO:0024530,MedGen:CN029274,OMIM:158810,Orphanet:610|MedGen:CN517202	Bethlem myopathy 1	germline	germline	GRCh38	NC_000021.9	21	46115881	46115881	na	na	21q22.3	criteria provided, multiple submitters, no conflicts	3	-	N	UniProtKB:P12110#VAR_013589,OMIM:120240.0001,ClinGen:CA257720	3	17155	5032028	C	T
chr21:5032061:A:G	32195	Duplication	NM_001849.4(COL6A2):c.1151dup (p.Glu386fs)	1292	COL6A2	HGNC:2212	Pathogenic	1	Nov 15, 2002	1601231322	-	RCV000018696	MONDO:MONDO:0009681,MedGen:C0410179,OMIM:254090,Orphanet:75840	Ullrich congenital muscular dystrophy 1	germline	germline	GRCh38	NC_000021.9	21	46118643	46118644	na	na	21q22.3	no assertion criteria provided	1	-	N	OMIM:120240.0002	1	17156	5032061	A	G
chr21:5032319:T:G	32197	single nucleotide variant	NM_001849.4(COL6A2):c.1771-1G>A	1292	COL6A2	HGNC:2212	Pathogenic	1	Jun 19, 2001	748035948	-	RCV000018698	MONDO:MONDO:0009681,MedGen:C0410179,OMIM:254090,Orphanet:75840	Ullrich congenital muscular dystrophy 1	germline	germline	GRCh38	NC_000021.9	21	46125265	46125265	na	na	21q22.3	no assertion criteria provided	1	-	N	OMIM:120240.0004	1	17158	5032319	T	G
chr21:5032393:G:A	32199	Deletion	NM_001849.4(COL6A2):c.1488_1513del (p.Arg498fs)	1292	COL6A2	HGNC:2212	Pathogenic	1	Aug 01, 2001	-1	-	RCV000018700	MONDO:MONDO:0009681,MedGen:C0410179,OMIM:254090,Orphanet:75840	Ullrich congenital muscular dystrophy 1	germline	germline	GRCh38	NC_000021.9	21	46121584	46121609	na	na	21q22.3	no assertion criteria provided	1	-	N	OMIM:120240.0006	1	17160	5032393	G	A
chr21:5033914:A:G	32200	single nucleotide variant	NM_001849.4(COL6A2):c.1117-10A>G	1292	COL6A2	HGNC:2212	Pathogenic	1	Sep 01, 2005	1568931397	-	RCV000018701	MONDO:MONDO:0009681,MedGen:C0410179,OMIM:254090,Orphanet:75840	Ullrich congenital muscular dystrophy 1	germline	germline	GRCh38	NC_000021.9	21	46118604	46118604	na	na	21q22.3	no assertion criteria provided	1	-	N	OMIM:120240.0007	1	17161	5033914	A	G
chr21:5033988:C:G	32202	single nucleotide variant	NM_001849.4(COL6A2):c.1000-2A>G	1292	COL6A2	HGNC:2212	Pathogenic	1	Aug 01, 2021	1555873356	-	RCV000018703	MONDO:MONDO:0024530,MedGen:CN029274,OMIM:158810,Orphanet:610	Bethlem myopathy 1	germline	germline	GRCh38	NC_000021.9	21	46117398	46117398	na	na	21q22.3	criteria provided, single submitter	2	-	N	OMIM:120240.0009	3	17163	5033988	C	G
chr21:5034028:C:T	32204	single nucleotide variant	NM_001849.4(COL6A2):c.2455C>T (p.Gln819Ter)	1292	COL6A2	HGNC:2212	Pathogenic	1	Aug 05, 2015	121912942	-	RCV000018705|RCV000186497|RCV000480797|RCV001327989	MONDO:MONDO:0009714,MedGen:C1850671,OMIM:255600,Orphanet:289380||MedGen:CN517202|MONDO:MONDO:0024530,MedGen:CN029274,OMIM:158810,Orphanet:610	Bethlem myopathy 1	germline	germline	GRCh38	NC_000021.9	21	46126535	46126535	na	na	21q22.3	criteria provided, single submitter	3	-	N	ClinGen:CA127109,OMIM:120240.0011	3	17165	5034028	C	T
chr21:5034209:G:A	32208	single nucleotide variant	NM_001848.3(COL6A1):c.1577G>T (p.Gly526Val)	1291	COL6A1	HGNC:2211	Pathogenic	1	Sep 01, 1996	121912934	-	RCV000018709	MONDO:MONDO:0024530,MedGen:CN029274,OMIM:158810,Orphanet:610	Bethlem myopathy 1	germline	germline	GRCh38	NC_000021.9	21	45998399	45998399	na	na	21q22.3	no assertion criteria provided	1	-	N	ClinGen:CA257732,OMIM:120220.0001	1	17169	5034209	G	A
chr21:5034221:G:A	32209	single nucleotide variant	NM_001848.3(COL6A1):c.931-1G>A	1291	COL6A1	HGNC:2211	Pathogenic	1	Aug 25, 2015	886042354	-	RCV000018710|RCV000725055	MONDO:MONDO:0024530,MedGen:CN029274,OMIM:158810,Orphanet:610|MedGen:CN517202	Bethlem myopathy 1	germline	germline	GRCh38	NC_000021.9	21	45990257	45990257	na	na	21q22.3	criteria provided, single submitter	2	-	N	ClinGen:CA10604117,OMIM:120220.0002	3	17170	5034221	G	A
chr21:5034230:C:T	32210	single nucleotide variant	NM_001848.3(COL6A1):c.1056+2T>C	1291	COL6A1	HGNC:2211	Pathogenic	1	May 19, 1999	797044456	-	RCV000018711	MONDO:MONDO:0024530,MedGen:CN029274,OMIM:158810,Orphanet:610	Bethlem myopathy 1	germline	germline	GRCh38	NC_000021.9	21	45990828	45990828	na	na	21q22.3	no assertion criteria provided	1	-	N	ClinGen:CA257735,OMIM:120220.0003	1	17171	5034230	C	T
chr21:5034231:G:C	32211	single nucleotide variant	NM_001848.3(COL6A1):c.1022G>A (p.Gly341Asp)	1291	COL6A1	HGNC:2211	Pathogenic	1	Jul 01, 2022	121912935	-	RCV000018712|RCV002274883	MONDO:MONDO:0024530,MedGen:CN029274,OMIM:158810,Orphanet:610|MedGen:CN517202	Bethlem myopathy 1	germline	germline	GRCh38	NC_000021.9	21	45990792	45990792	na	na	21q22.3	criteria provided, multiple submitters, no conflicts	3	-	N	ClinGen:CA257736,UniProtKB:P12109#VAR_013582,OMIM:120220.0004	3	17172	5034231	G	C
chr21:5034244:C:T	32212	single nucleotide variant	NM_001848.3(COL6A1):c.362A>G (p.Lys121Arg)	1291	COL6A1	HGNC:2211	Pathogenic	1	Nov 01, 2022	121912936	-	RCV000018713|RCV000177135	MONDO:MONDO:0024530,MedGen:CN029274,OMIM:158810,Orphanet:610|MedGen:CN517202	Bethlem myopathy 1	germline	germline	GRCh38	NC_000021.9	21	45984403	45984403	na	na	21q22.3	criteria provided, multiple submitters, no conflicts	4	-	N	ClinGen:CA221786,UniProtKB:P12109#VAR_013580,OMIM:120220.0005	3	17173	5034244	C	T
chr21:5034245:G:A	32215	single nucleotide variant	NM_001848.3(COL6A1):c.428+1G>A	1291	COL6A1	HGNC:2211	Pathogenic	1	Aug 12, 2021	1569517717	-	RCV000018716	MONDO:MONDO:0024530,MedGen:CN029274,OMIM:158810,Orphanet:610	Bethlem myopathy 1	germline	germline	GRCh38	NC_000021.9	21	45984470	45984470	na	na	21q22.3	criteria provided, single submitter	2	-	N	OMIM:120220.0008	3	17176	5034245	G	A
chr21:5034257:G:T	32216	Deletion	NM_001848.3(COL6A1):c.857del (p.Pro286fs)	1291	COL6A1	HGNC:2211	Pathogenic	1	Sep 01, 2005	797044457	-	RCV000018717	MONDO:MONDO:0009681,MedGen:C0410179,OMIM:254090,Orphanet:75840	Ullrich congenital muscular dystrophy 1	germline	germline	GRCh38	NC_000021.9	21	45989135	45989135	na	na	21q22.3	no assertion criteria provided	1	-	N	ClinGen:CA257738,OMIM:120220.0009	1	17177	5034257	G	T
chr21:5034265:C:T	32217	Deletion	NM_001848.3(COL6A1):c.1465del (p.Ala489fs)	1291	COL6A1	HGNC:2211	Pathogenic	1	Sep 01, 2005	797044458	-	RCV000018718	MONDO:MONDO:0009681,MedGen:C0410179,OMIM:254090,Orphanet:75840	Ullrich congenital muscular dystrophy 1	germline	germline	GRCh38	NC_000021.9	21	45997703	45997703	na	na	21q22.3	no assertion criteria provided	1	-	N	ClinGen:CA257739,OMIM:120220.0010	1	17178	5034265	C	T
chr21:5034339:C:T	32218	single nucleotide variant	NM_001848.3(COL6A1):c.1977C>G (p.Tyr659Ter)	1291	COL6A1	HGNC:2211	Pathogenic	1	Sep 01, 2005	121912937	-	RCV000018719	MONDO:MONDO:0009681,MedGen:C0410179,OMIM:254090,Orphanet:75840	Ullrich congenital muscular dystrophy 1	germline	germline	GRCh38	NC_000021.9	21	46001981	46001981	na	na	21q22.3	no assertion criteria provided	1	-	N	ClinGen:CA257740,OMIM:120220.0011	1	17179	5034339	C	T
chr21:5034396:C:G	32219	single nucleotide variant	NM_001848.3(COL6A1):c.850G>A (p.Gly284Arg)	1291	COL6A1	HGNC:2211	Pathogenic	1	Apr 21, 2023	121912938	-	RCV000018720|RCV000079828|RCV000180573|RCV000180574|RCV003314554	MedGen:CN235581|MedGen:CN517202|MONDO:MONDO:0024530,MedGen:CN029274,OMIM:158810,Orphanet:610|MONDO:MONDO:0009681,MedGen:C0410179,OMIM:254090,Orphanet:75840|MONDO:MONDO:0100225,MedGen:CN117976	Bethlem myopathy 1	germline;paternal;unknown	germline	GRCh38	NC_000021.9	21	45989129	45989129	na	na	21q22.3	criteria provided, multiple submitters, no conflicts	14	-	N	ClinGen:CA127115,UniProtKB:P12109#VAR_058218,OMIM:120220.0012	3	17180	5034396	C	G
